instance,seed,events,students,rooms,slots,conflict_density,solver,hard,soft,unassigned,student_clashes,instructor_clashes,room_clashes,capacity_violations,last_period,consecutive,single_class_days,millis
medium,1,200,1000,8,45,0.2499,random,269,2513,0,198,4,67,0,259,21,2233,2.744
medium,1,200,1000,8,45,0.2499,greedy-input,0,2241,0,0,0,0,0,294,24,1923,20.224
medium,1,200,1000,8,45,0.2499,greedy-random,0,1979,0,0,0,0,0,285,26,1668,14.203
medium,1,200,1000,8,45,0.2499,greedy-largest-degree,0,1296,0,0,0,0,0,217,69,1010,14.581
medium,1,200,1000,8,45,0.2499,greedy-dsatur,0,1330,0,0,0,0,0,255,68,1007,13.676
medium,1,200,1000,8,45,0.2499,sa(greedy-dsatur),0,1200,0,0,0,0,0,0,43,1157,7681.253
medium,2,200,1000,8,45,0.2566,random,258,2414,0,197,3,58,0,228,36,2150,0.413
medium,2,200,1000,8,45,0.2566,greedy-input,0,2227,0,0,0,0,0,272,19,1936,12.028
medium,2,200,1000,8,45,0.2566,greedy-random,0,1999,0,0,0,0,0,299,22,1678,11.861
medium,2,200,1000,8,45,0.2566,greedy-largest-degree,0,1398,0,0,0,0,0,294,50,1054,11.672
medium,2,200,1000,8,45,0.2566,greedy-dsatur,0,1365,0,0,0,0,0,277,60,1028,12.123
medium,2,200,1000,8,45,0.2566,sa(greedy-dsatur),0,1251,0,0,0,0,0,103,28,1120,7526.952
medium,3,200,1000,8,45,0.2532,random,260,2882,0,189,5,66,0,577,19,2286,0.362
medium,3,200,1000,8,45,0.2532,greedy-input,0,1906,0,0,0,0,0,276,27,1603,11.283
medium,3,200,1000,8,45,0.2532,greedy-random,0,1832,0,0,0,0,0,271,32,1529,11.715
medium,3,200,1000,8,45,0.2532,greedy-largest-degree,0,1414,0,0,0,0,0,340,60,1014,11.588
medium,3,200,1000,8,45,0.2532,greedy-dsatur,0,1417,0,0,0,0,0,257,65,1095,12.089
medium,3,200,1000,8,45,0.2532,sa(greedy-dsatur),0,1295,0,0,0,0,0,0,30,1265,7634.333
medium,4,200,1000,8,45,0.2564,random,262,2560,0,201,3,58,0,331,23,2206,0.400
medium,4,200,1000,8,45,0.2564,greedy-input,0,2017,0,0,0,0,0,339,31,1647,11.255
medium,4,200,1000,8,45,0.2564,greedy-random,0,2208,0,0,0,0,0,503,15,1690,11.465
medium,4,200,1000,8,45,0.2564,greedy-largest-degree,0,1407,0,0,0,0,0,301,74,1032,11.413
medium,4,200,1000,8,45,0.2564,greedy-dsatur,0,1462,0,0,0,0,0,287,71,1104,12.288
medium,4,200,1000,8,45,0.2564,sa(greedy-dsatur),0,1269,0,0,0,0,0,61,27,1181,7629.559
medium,5,200,1000,8,45,0.2549,random,263,2816,0,198,3,62,0,753,31,2032,0.417
medium,5,200,1000,8,45,0.2549,greedy-input,0,2087,0,0,0,0,0,380,33,1674,11.468
medium,5,200,1000,8,45,0.2549,greedy-random,0,1930,0,0,0,0,0,192,26,1712,11.979
medium,5,200,1000,8,45,0.2549,greedy-largest-degree,0,1375,0,0,0,0,0,267,52,1056,11.354
medium,5,200,1000,8,45,0.2549,greedy-dsatur,0,1344,0,0,0,0,0,204,52,1088,12.594
medium,5,200,1000,8,45,0.2549,sa(greedy-dsatur),0,1317,0,0,0,0,0,0,26,1291,7587.294
medium,6,200,1000,8,45,0.2560,random,239,2760,0,164,6,69,0,577,16,2167,0.387
medium,6,200,1000,8,45,0.2560,greedy-input,0,2268,0,0,0,0,0,648,23,1597,11.277
medium,6,200,1000,8,45,0.2560,greedy-random,0,2218,0,0,0,0,0,464,18,1736,11.492
medium,6,200,1000,8,45,0.2560,greedy-largest-degree,0,1364,0,0,0,0,0,233,67,1064,11.234
medium,6,200,1000,8,45,0.2560,greedy-dsatur,0,1411,0,0,0,0,0,258,66,1087,11.597
medium,6,200,1000,8,45,0.2560,sa(greedy-dsatur),0,1200,0,0,0,0,0,26,31,1143,7789.743
medium,7,200,1000,8,45,0.2544,random,323,2635,0,242,4,77,0,434,16,2185,0.558
medium,7,200,1000,8,45,0.2544,greedy-input,0,2000,0,0,0,0,0,379,17,1604,11.572
medium,7,200,1000,8,45,0.2544,greedy-random,0,1939,0,0,0,0,0,269,27,1643,16.304
medium,7,200,1000,8,45,0.2544,greedy-largest-degree,0,1406,0,0,0,0,0,214,67,1125,11.606
medium,7,200,1000,8,45,0.2544,greedy-dsatur,0,1389,0,0,0,0,0,219,78,1092,11.826
medium,7,200,1000,8,45,0.2544,sa(greedy-dsatur),0,1168,0,0,0,0,0,0,20,1148,7719.778
medium,8,200,1000,8,45,0.2568,random,278,2599,0,206,3,69,0,426,18,2155,0.361
medium,8,200,1000,8,45,0.2568,greedy-input,0,2191,0,0,0,0,0,322,25,1844,11.025
medium,8,200,1000,8,45,0.2568,greedy-random,0,2098,0,0,0,0,0,235,19,1844,11.207
medium,8,200,1000,8,45,0.2568,greedy-largest-degree,0,1397,0,0,0,0,0,160,63,1174,11.107
medium,8,200,1000,8,45,0.2568,greedy-dsatur,0,1429,0,0,0,0,0,251,53,1125,11.367
medium,8,200,1000,8,45,0.2568,sa(greedy-dsatur),0,1253,0,0,0,0,0,25,35,1193,7556.584
medium,9,200,1000,8,45,0.2540,random,272,3222,0,202,1,69,0,1119,19,2084,0.347
medium,9,200,1000,8,45,0.2540,greedy-input,0,2103,0,0,0,0,0,346,16,1741,11.116
medium,9,200,1000,8,45,0.2540,greedy-random,0,2568,0,0,0,0,0,845,24,1699,11.157
medium,9,200,1000,8,45,0.2540,greedy-largest-degree,0,1381,0,0,0,0,0,284,62,1035,11.250
medium,9,200,1000,8,45,0.2540,greedy-dsatur,0,1379,0,0,0,0,0,257,61,1061,11.372
medium,9,200,1000,8,45,0.2540,sa(greedy-dsatur),0,1229,0,0,0,0,0,67,19,1143,7582.630
medium,10,200,1000,8,45,0.2515,random,264,2493,0,207,1,56,0,490,24,1979,0.274
medium,10,200,1000,8,45,0.2515,greedy-input,0,2167,0,0,0,0,0,530,15,1622,11.085
medium,10,200,1000,8,45,0.2515,greedy-random,0,2218,0,0,0,0,0,594,20,1604,11.653
medium,10,200,1000,8,45,0.2515,greedy-largest-degree,0,1379,0,0,0,0,0,214,66,1099,11.100
medium,10,200,1000,8,45,0.2515,greedy-dsatur,0,1360,0,0,0,0,0,272,65,1023,11.314
medium,10,200,1000,8,45,0.2515,sa(greedy-dsatur),0,1206,0,0,0,0,0,0,36,1170,7775.192
